B001FD5KJM	Iron Man
B008UBYTRG	Spark of Insanity
B005ZMUQCK	Cars
B000E5LEXS	Arguing with Myself
B001684L0A	John Adams
B001HUHBDQ	Indiana Jones and the Kingdom of the Crystal Skull
B000ARIS52	Sin City
B0032CNOK6	Expelled: No Intelligence Allowed
B000NGTJTY	The Departed
B0012GE91W	Harry Potter and the Order of the Phoenix
B006H8JJXS	No Country For Old Men
B000I186FW	V for Vendetta
B000UYBP0K	Pan's Labyrinth
B0017XD3OY	I Am Legend
B0028R765A	Watchmen
B001GKJ2DO	Mamma Mia
B001OHS8BQ	Fireproof
B000VBJEEG	Ratatouille
B004WMKSH2	Harry Potter and the Deathly Hallows: Part 1
B001AOKA3W	Cloverfield
B00867GKIK	Up
B000LB4DWO	Superman Returns
B002RVCD46	Harry Potter and the Half Blood Prince
B008PZZND6	Brokeback Mountain
B001YYQ9SS	Final Fantasy VII
7799128836	Tangled
B0010IF6NC	Facing the Giants
B0042AGN82	The Da Vinci Code
B001IBIHQ4	The Pacific
B000HC2LVW	Chronicles of Narnia
B000AARKOO	Kingdom of Heaven
B0006Z2KIY	The Notebook
B001JNNDCY	Sideways
B002VECM72	The Blind Side
B000HCO83G	X-Men: The Last Stand
B002RVCCUQ	The Hangover
B001CCIS18	Little Miss Sunshine
B006RCMGQG	Alexander
B000E1MTYK	Harry Potter and the Goblet of Fire
B0006989TE	The Village
B004FHP7ES	The Last Airbender
B006D9UW00	The Girl With the Dragon Tattoo
B0054OGQS2	Inglourious Basterds
B0046B1KHG	Despicable Me
B003UESJHE	The King's Speech
B003HC8ITI	Alice in Wonderland
B0035G0U2O	2012
B001EBWIRM	Million Dollar Baby
B000N6TX1S	Children of Men
B000MX7V3Y	The World's Fastest Indian
555396539X	Snow White and the Seven Dwarfs
B001V7SME2	Let the Right One In
B0044XRIMW	The Sound of Music
B001R2K5UA	A History of Violence
B00130UFY2	The Bourne Ultimatum
B000RZAENG	The Fountain
B004TNKKY0	Back to the Future
B005I64U34	Green Lantern
B0060DYMT6	The Prestige
B000MKD9P6	The Devil Wears Prada
B005H9B44A	Thor
B005DZ35RC	Charlie and the Chocolate Factory
B009OMYASS	Hostel
B004U8VWLE	Black Swan
B000VNMMRA	Live Free or Die Hard
B000057VOE	Star Wars IV
B0008JFMF6	National Treasure
B0009RCPUC	Downfall
B001F12J0C	The Bourne Legacy
5555607059	It's a Wonderful Life
B0007A2GTG	The Incredibles
B00304LF0W	Paranormal Activity
B001F0N0ZG	Sex and the City
B000WZAE0Y	Stardust
B004EPYZUI	Sucker Punch
B004ULEEY8	Battle: Los Angeles
6302212529	The Little Mermaid
B000NHG7CA	The 40 Year-Old Virgin
B005G4TJI4	Transformers: Dark of the Moon
B007K8BDMY	Grizzly Man
B000NOKJC2	Night at the Museum
B001THAS5K	The Day the Earth Stood Still
B000JY8F22	Closer
B000IHY9TS	The Descent
B0007YXREA	Team America: World Police
B004ZJZPXY	Hot Fuzz
B003QSJVGW	The Hitchhiker's Guide to the Galaxy
B000MQC9H4	The Holiday
B000JLTR8Q	Lady in the Water
B000YXPLP2	Marie Antoinette
B000MGB6M8	Mr. & Mrs. Smith
B0001GL3KO	Love Actually
B000YABYLA	Juno
B007WWRJL2	Cinderella
B0051XQI84	Kung Fu Panda
B002NJUN44	Eragon
B002VXGW2E	Julie & Julia
B000B7M8Z2	Land of the Dead
6305949980	The Nightmare Before Christmas
B0041KKYBA	Inside Job
B001DHXT2A	The Incredible Hulk
B001TAFCBC	Eternal Sunshine of the Spotless Mind
B008Y5QTRG	Kick-Ass
B000I8HIR2	Silent Hill
B000AA4FIS	Alien Vs Predator
B004K4IZ54	Tron: Legacy
B00005JPAO	The Queen
B000OLRH1A	Blood Diamond
B002SEQ8ZM	Coraline
B002LMSWN2	Trick 'r Treat
B0012SCHZK	Beowulf
B00064AFBE	Battlestar Galactica
B001GKJ2DE	Wanted
B00004CII8	A Christmas Story
B000NIBUQW	The Pursuit of Happyness
B005IZLPMY	Captain America: The First Avenger
B000E5KJFM	Syriana
B001YV5036	Cinderella Man
B00005JNC2	Garden State
B001GCUO5M	Shutter Island
B000VZGK3K	The Aviator
B0009KQOKQ	King Arthur
B004VL9Y5G	The Green Hornet
B000YIGNKE	Persuasion
B002KGREKG	Once
B00004CJ0N	Forbidden Planet
B0087ZG7SY	Atonement
B004X75RK4	The Proposal
B002SM2QDC	G.I. Joe: The Rise of Cobra
B002ZG98VE	Robin Hood
B000IZA9NK	Sky Captain and The World of Tomorrow
B007N31XIU	United 93
B0042AGN8M	The Fifth Element
B0027Z837S	Kung Fu Hustle
B00005JKHN	Sleeping Beauty
6303118240	My Neighbor Totoro
B000EBIOVC	Good Night, and Good Luck
B000ARFPMQ	High Tension
B003Q6D2BE	Red
B00006RCT5	My Neighbor Totoro
B0015XHP2W	Rambo
7883686380	Howl's Moving Castle
B0021L8V0M	Salt
B000Q99EAC	Rocky Balboa
B000W4RV1A	Shrek the Third
B004UTCGNG	Skyline
B000SLP4SE	Shooter
B001JIE7JC	Burn After Reading
B000AXWHS0	The Devil's Rejects
B00004CMNF	The Complete Fawlty Towers
